run_timestamp_utc,benchmark_mode,variant,load_mode,device,batch,seq_len,hidden,out_dim,fused_median_ms,nonfused_median_ms,speedup,fused_p99_ms,nonfused_p99_ms,fused_throughput,nonfused_throughput,fused_peak_mem_mb,nonfused_peak_mem_mb,max_abs_diff,cosine_sim,kl_divergence
2026-06-08T02:35:13Z,checkpoints,V1,layer,cuda:0,1,128,6144,6144,0.2560615539550781,0.36771781742572784,1.4360524324953445,0.26499107480049133,0.3830231726169586,499879.80633147113,348093.004837476,352.7890625,354.6640625,3036676096.0,0.9428284168243408,9.553513526916504
2026-06-08T02:35:13Z,checkpoints,V1,layer,cuda:0,1,512,6144,6144,0.4421621561050415,0.4678666591644287,1.0581336568597715,0.45236945152282715,0.502418726682663,1157946.2261315,1094328.8861710937,378.2890625,384.2890625,3439329280.0,0.9448421001434326,9.541234016418457
2026-06-08T02:35:13Z,checkpoints,V1,layer,cuda:0,1,2048,6144,6144,1.03658065199852,1.359032467007637,1.3110725773121776,1.0511241853237152,1.3681165874004364,1975726.6316436362,1506954.432449546,480.2890625,504.2890625,4211081216.0,0.9438210725784302,9.544181823730469
2026-06-08T02:35:13Z,checkpoints,V1,layer,cuda:0,8,128,6144,6144,0.6549693644046783,0.8078981190919876,1.233489935557995,0.6671473383903503,0.8179843425750732,1563431.9033085539,1267486.5503473303,412.2890625,424.2890625,3657433088.0,0.9442448616027832,9.540847778320312
2026-06-08T02:35:13Z,checkpoints,V1,layer,cuda:0,8,512,6144,6144,2.232048660516739,2.628801390528679,1.1777527242260428,2.270437777042389,2.774640917778015,1835085.4407680072,1558124.5562169505,616.2890625,664.2890625,4294967296.0,0.9441450834274292,9.543140411376953
2026-06-08T02:35:13Z,checkpoints,V1,layer,cuda:0,8,2048,6144,6144,8.996952325105667,9.996183216571808,1.1110632640208422,9.033557027578354,10.145850479602814,1821061.1113589038,1639025.5805674293,1432.2890625,1624.2890625,4496293888.0,0.9440811276435852,9.542707443237305
2026-06-08T02:35:13Z,checkpoints,V1,layer,cuda:0,32,128,6144,6144,2.2390037775039673,2.597939223051071,1.1603103349594361,2.2683516144752502,2.636570483446121,1829385.0332696647,1576634.2659816255,616.2890625,664.2890625,4362076160.0,0.9443647861480713,9.542940139770508
2026-06-08T02:35:13Z,checkpoints,V1,layer,cuda:0,32,512,6144,6144,9.028930217027664,10.001668706536293,1.1077357412370006,9.171530604362488,10.064300149679184,1814611.433046786,1638126.6447360653,1432.2890625,1624.2890625,4529848320.0,0.9441398978233337,9.54098129272461
2026-06-08T02:35:13Z,checkpoints,V1,layer,cuda:0,32,2048,6144,6144,36.025380715727806,40.00394605100155,1.1104378428827206,36.39868274331093,40.13857617974281,1819161.8991381978,1638238.385694434,4696.2890625,5464.2890625,5066719232.0,0.944058895111084,9.543706893920898
